feature,importance
dynamic_pkg_name_tar_gz,0.18498990153330552
dynamic_pkg_name_dots,0.1760729048949525
dynamic_pkg_name_digits,0.14149846048794917
dynamic_pkg_name_length,0.11664913344376844
dynamic_pkg_name_hyphens,0.0560566093346037
dynamic_direct_dependency_count,0.0381207000254517
dynamic_network_operations,0.031660959595156704
dynamic_home_dir_installation,0.02605369622049715
feature_process_execution_keyword,0.02523284070101592
dynamic_python_related_keywords,0.021227730472455124
feature_static_indicator_count,0.01920847796304853
feature_setup_length,0.015541746504519645
dynamic_unique_system_calls,0.012381623909853008
dynamic_process_management_operations,0.011887933888114934
dynamic_unique_file_operations,0.008139922917342767
feature_summary_length,0.007249440455949395
dynamic_ipc_operations,0.007230331259228802
dynamic_root_dir_installation,0.006731616409592555
feature_network_keyword,0.006296058365793198
dynamic_user_access,0.005935912716004364
dynamic_etc_dir_installation,0.0058952064284050485
dynamic_total_dependency_count,0.0049324444208378075
feature_setup_lines,0.004157803567534905
dynamic_total_write_data_transfer,0.003990320448705831
dynamic_miscellaneous_operations,0.0038902727717228715
feature_requires_count,0.003883175638443
feature_requires_length,0.0034058828337895776
dynamic_unique_ipc_operations,0.003261321933092608
dynamic_install_package_keywords,0.003041321467647686
dynamic_unique_process_management_operations,0.002993184464492417
feature_pyproject_length,0.0025282345725251426
feature_readme_words,0.002416720900914765
dynamic_file_operations,0.002302283578440053
dynamic_security_operations,0.0022966984337978963
dynamic_total_system_calls,0.0020672669588874416
feature_manifest_exists,0.0019413357169105663
dynamic_unique_miscellaneous_operations,0.0018583172885903337
dynamic_io_operations,0.0018529763793289234
dynamic_unique_memory_operations,0.0017959852173882222
dynamic_total_paths,0.0017856848882982705
feature_pkg_info,0.0017253797312743533
dynamic_unique_network_operations,0.0015896883926077702
feature_readme_length,0.0015451698480112629
feature_package_name_length,0.0012571297048063865
dynamic_remote_port_access,0.0011969275403540685
feature_package_name_hyphens,0.000838717438171687
dynamic_sys_access,0.0007937437709860745
dynamic_indirect_dependency_count,0.0007556507833399785
dynamic_total_syscalls,0.0006896689279587145
dynamic_time_operations,0.0006713074487073639
feature_package_name_underscores,0.0006629883005662029
feature_license_exists,0.0006583467364373258
feature_keywords_length,0.0005754674193197014
feature_encoding_keyword,0.0005626806990908682
dynamic_total_writes,0.0005391519862314631
dynamic_remote_ip_address_access,0.0005353562240976603
feature_tests_exists,0.0005226468954074809
dynamic_unique_security_operations,0.0005097480059212117
dynamic_temporary_dir_installation,0.0004995744226537692
feature_setup_cfg_exists,0.00048390924620749046
dynamic_other_dir_installation,0.0004712742159509588
dynamic_memory_operations,0.0004577970142349127
dynamic_total_error,0.00041792674869430344
feature_readme_exists,0.00035369045917053594
feature_description_length,0.0003400062245174103
dynamic_total_reads,0.0003336120171166348
dynamic_unique_c_comm,0.0002787791494291155
dynamic_unique_io_operations,0.00025408559986526107
feature_test_module_count,0.00023034881559593482
feature_package_name_digits,0.00020251138220820326
dynamic_total_entries,0.00017740761862489903
dynamic_unique_time_operations,0.0001716113763116399
feature_credential_keyword,0.0001390433200903038
dynamic_pkg_name_underscores,0.0001301840923112448
feature_shell_keyword,0.00012831974844316994
feature_description_words,0.00012725741623302212
dynamic_python_related_process,0.00011945170081120505
dynamic_activity_score,0.00011058619154043542
dynamic_local_port_access,0.00010910506083643838
dynamic_total__file_descriptor,0.00010466656082587495
dynamic_total_read_data_transfer,8.959183181872851e-05
feature_setup_py_exists,6.577793476180517e-05
dynamic_local_ip_address_access,4.069186407237505e-05
feature_pyproject_exists,2.8972435646240958e-05
feature_dynamic_execution_keyword,2.6409967739045553e-05
feature_download_keyword,1.0704599050315896e-05
feature_requirements_exists,4.494123592577859e-06
feature_subpackage_exists,0.0
dynamic_total_connections,0.0
dynamic_total_opens,0.0
dynamic_pkg_name_zip,0.0
feature_dependency_links_present,0.0
feature_my_package_exists,0.0
feature_module_count,0.0
dynamic_install_count,0.0
dynamic_total_processes,0.0
dynamic_unique_ips,0.0
dynamic_unique_ports,0.0
dynamic_pattern_count,0.0
dynamic_file_events,0.0
dynamic_unique_filesystem_operations,0.0
dynamic_filesystem_operations,0.0
dynamic_filesystem_indicator,0.0
dynamic_network_indicator,0.0
dynamic_process_execution_indicator,0.0
dynamic_shell_indicator,0.0
dynamic_download_indicator,0.0
dynamic_credential_indicator,0.0
dynamic_suspicious_execution_indicator,0.0
dynamic_network_execution_combination,0.0
dynamic_file_network_combination,0.0
dynamic_indicator_count,0.0
